subreddit,permalink,score,num_comments,title,body_text,image_url
Animemes,https://old.reddit.com/r/Animemes/comments/aq8khb/hello_everyone/,72930,3156,Hello everyone,,https://i.redd.it/gqe7mv2r7dg21.png
Animemes,https://old.reddit.com/r/Animemes/comments/hbpxwg/the_answer_was_right_there_all_along/,61680,471,the answer was right there all along,,https://i.redd.it/sl0osb3m7r551.png
Animemes,https://old.reddit.com/r/Animemes/comments/1nskjh3/thats_sad/,56317,572,That's sad,,https://i.redd.it/xvfv1ve3qvrf1.jpeg
Animemes,https://old.reddit.com/r/Animemes/comments/hovz78/only_kings_will_get_it/,53156,504,Only kings will get it,,https://i.redd.it/r5dpmci553a51.jpg
Animemes,https://old.reddit.com/r/Animemes/comments/1js1q7l/to_infinity_and_beyond/,50392,738,To infinity and beyond,,https://i.redd.it/9mio9ed390te1.jpeg
Animemes,https://old.reddit.com/r/Animemes/comments/hei48n/its_a_tad_bit_weird/,50168,372,It’s a tad bit weird,,https://i.redd.it/xqvpqxnjvo651.jpg
Animemes,https://old.reddit.com/r/Animemes/comments/1ofdkrz/wasnt_expecting_that/,49701,1930,Wasn’t expecting that,,
Animemes,https://old.reddit.com/r/Animemes/comments/cgdk1l/squidward_was_just_cultured/,49604,410,Squidward was just cultured,,
Animemes,https://old.reddit.com/r/Animemes/comments/f6b2i6/switchchan_has_a_question_for_pcsama/,49427,844,Switch-Chan has a question for PC-Sama,,https://i.redd.it/5gqwnbzo0wh41.png
Animemes,https://old.reddit.com/r/Animemes/comments/h9crd4/love_is_war_memes_good/,48728,300,Love is war memes good,,https://i.redd.it/rwucv1vmk1551.png
Animemes,https://old.reddit.com/r/Animemes/comments/1i0dq03/reveal_your_ancient_knowledge/,48195,297,Reveal your ancient knowledge,,https://i.redd.it/zu8w2mmlhrce1.jpeg
Animemes,https://old.reddit.com/r/Animemes/comments/d3o7k5/your_daily_dose_of_mascot_yuri/,47652,636,Your daily dose of mascot yuri,,
Animemes,https://old.reddit.com/r/Animemes/comments/byljhd/i_was_up_at_400am_coding_this_but_here_it_is_the/,46740,523,"I was up at 4:00AM coding this, but here it is: THE ONE TRUE SPEEDWAGON. But maybe if this could get 327,68 upvotes we could go even further beyond...",,https://i.redd.it/n4y4n8z2qc331.jpg
Animemes,https://old.reddit.com/r/Animemes/comments/zzxrt0/maybe_i_am_a_boomer/,46683,1504,Maybe I am a boomer,,https://i.redd.it/bzr0w64pf99a1.jpg
Animemes,https://old.reddit.com/r/Animemes/comments/g603y6/if_he_breathes/,46349,685,If he breathes...,,https://i.redd.it/truipnld3du41.jpg
Animemes,https://old.reddit.com/r/Animemes/comments/h7g63o/the_future_is_now/,46294,530,The future is now,,https://i.redd.it/tgh1cfqrlf451.jpg
Animemes,https://old.reddit.com/r/Animemes/comments/gv8v16/im_not_sure_whether_i_should_be_proud_or/,46249,415,I'm not sure whether I should be proud or disappointed,,https://i.redd.it/b936f3kkhi251.jpg
Animemes,https://old.reddit.com/r/Animemes/comments/d6rdrz/upvotekun_and_downvotechan/,45390,428,Upvote-kun and Downvote-chan,,https://i.redd.it/zcdv1pk3bpn31.png
Animemes,https://old.reddit.com/r/Animemes/comments/fiz6ev/business_as_usual_in_the_life_of_a_weeb/,45008,198,business as usual in the life of a weeb,,https://i.redd.it/c56kk2509tm41.jpg
Animemes,https://old.reddit.com/r/Animemes/comments/dlzi4u/ah_i_see_youre_a_man_of_culture_as_well/,44900,314,"Ah, I see you're a man of culture as well.",,https://i.redd.it/o8sa4iw9oau31.jpg
Animemes,https://old.reddit.com/r/Animemes/comments/i2ufuu/careful_what_you_wish_for_rezero_s2/,44717,323,Careful what you wish for (Rezero S2),,https://i.redd.it/fs74fpx6ire51.jpg
Animemes,https://old.reddit.com/r/Animemes/comments/e10v30/chroma_key_hard/,44422,218,Chroma key hard,,https://i.redd.it/5oekc310yn041.gif
Animemes,https://old.reddit.com/r/Animemes/comments/dx8yfk/lets_be_honest/,44391,406,Lets be honest,,https://i.redd.it/4wlyicx8r2z31.png
Animemes,https://old.reddit.com/r/Animemes/comments/1ou7gx0/hell_yeah/,44381,666,Hell Yeah,,https://i.redd.it/jkjzua9n9m0g1.jpeg
Animemes,https://old.reddit.com/r/Animemes/comments/dqzpvm/i_made_the_anime_opening_of_ranimemes/,44201,595,I Made the Anime Opening of r/Animemes,,
Animemes,https://old.reddit.com/r/Animemes/comments/cxwpv9/i_serve_the_soviet_ranimemes_format_in_comments/,44147,228,I serve the Soviet r/animemes (format in comments),,https://i.redd.it/a89lnzmgwsj31.jpg
Animemes,https://old.reddit.com/r/Animemes/comments/eelim4/it_cant_be_possible/,44118,538,it can't be possible,,https://i.redd.it/6sryx2jzbe641.png
Animemes,https://old.reddit.com/r/Animemes/comments/gb0fvy/sauce_is_uzumaki/,43973,261,Sauce is Uzumaki,,https://i.redd.it/54jphrtoszv41.jpg
Animemes,https://old.reddit.com/r/Animemes/comments/fltxsu/i_have_about_19_saved_hentai_posts_rn/,43747,305,i have about 19 saved hentai posts rn,,https://i.redd.it/n58jwlr5jtn41.png
Animemes,https://old.reddit.com/r/Animemes/comments/efw2jr/he_knew/,43563,388,He knew,,https://i.redd.it/mvjnltwqnz641.jpg
Animemes,https://old.reddit.com/r/Animemes/comments/hflrjo/being_mio_is_suffering/,43452,400,being mio is suffering,,
Animemes,https://old.reddit.com/r/Animemes/comments/d25dds/borgar/,43191,248,Borgar,,https://i.redd.it/666zadvloql31.gif
Animemes,https://old.reddit.com/r/Animemes/comments/g7w2bf/wassup/,42869,447,Wassup,,https://i.redd.it/xhvrxqsknzu41.gif
Animemes,https://old.reddit.com/r/Animemes/comments/andzjr/woah_thats_like_1_more_dimension_than_what_im/,42620,294,Woah that’s like 1 more dimension than what I’m comfortable with,,https://i.redd.it/w5702zmj2re21.jpg
Animemes,https://old.reddit.com/r/Animemes/comments/hp7lvf/oc_the_real_reason_ft_mascots/,41906,285,[OC] The real reason (ft. mascots),,https://i.redd.it/2hykusodc7a51.png
Animemes,https://old.reddit.com/r/Animemes/comments/ecruhw/wait_you_guys_are_getting_coins/,41840,439,Wait! You guys are getting coins!?,,https://i.redd.it/3hr1xs4xpk541.jpg
Animemes,https://old.reddit.com/r/Animemes/comments/i2cjk9/console_waifu_wars/,41489,844,Console Waifu Wars,,https://i.redd.it/s33gmauvile51.jpg
Animemes,https://old.reddit.com/r/Animemes/comments/g9n1mp/100_iq_meme/,41356,392,100 IQ meme,,https://i.redd.it/j9ym6pvg7kv41.png
Animemes,https://old.reddit.com/r/Animemes/comments/gygspo/kaguya_was_in_the_bottom_row_for_most_of_her_life/,40821,431,Kaguya was in the bottom row for most of her life,,https://i.redd.it/8hotm6rnzi351.jpg
Animemes,https://old.reddit.com/r/Animemes/comments/f180eq/60_ways_to_isekai/,40715,445,60 Ways to Isekai,,
Animemes,https://old.reddit.com/r/Animemes/comments/g0jxw6/outstanding_move/,40626,153,Outstanding move,,https://i.redd.it/rcfh99rthls41.jpg
Animemes,https://old.reddit.com/r/Animemes/comments/hjalpd/you_know_the_rules_its_time_to_die/,40492,202,"You know the rules, It's time to die!",,https://i.redd.it/r62ni0ox39851.jpg
Animemes,https://old.reddit.com/r/Animemes/comments/ggfv4g/why_mom/,40358,557,Why mom?,,https://i.redd.it/rp03jozjwqx41.jpg
Animemes,https://old.reddit.com/r/Animemes/comments/gxouhg/coming_this_fall/,40263,475,coming this fall,,https://i.redd.it/ofyjvc6ts9351.jpg
Animemes,https://old.reddit.com/r/Animemes/comments/1oz5xiv/giga_chad_frieren_smiles_upon_the_movement_she/,40166,232,Giga Chad Frieren smiles upon the movement she has started,,https://i.redd.it/gmfcesdcmq1g1.png
Animemes,https://old.reddit.com/r/Animemes/comments/e3we48/thought_that_this_deserved_a_video_edit_hopefully/,40109,1116,Thought that this deserved a video edit. Hopefully it won't get removed due to Rule 1,,
Animemes,https://old.reddit.com/r/Animemes/comments/dkz1no/i_introduce_to_you_manga_20/,39973,732,i introduce to you Manga 2.0,,
Animemes,https://old.reddit.com/r/Animemes/comments/g3br25/konosuba_in_a_nutshell/,39853,213,Konosuba in a nutshell,,https://i.redd.it/dwbouepzbgt41.png
Animemes,https://old.reddit.com/r/Animemes/comments/ccpjl1/and_probably_a_speech_about_friendship/,39221,626,And probably a speech about friendship.,,https://i.redd.it/jkhgw5uos2a31.jpg
Animemes,https://old.reddit.com/r/Animemes/comments/hqx5mg/lets_show_some_love_for_our_blackhaired_girls/,39222,706,Let's show some love for our black-haired girls,,https://i.redd.it/i9ouksrdyra51.jpg
Animemes,https://old.reddit.com/r/Animemes/comments/fdwfbw/im_an_adult_now_naofumi/,39076,305,"""I'M AN ADULT NOW, NAOFUMI!""",,https://i.redd.it/nue1vpp6cvk41.png
Animemes,https://old.reddit.com/r/Animemes/comments/cksfpl/so_i_made_truckchan_yeah/,38991,731,"So I made truck-chan,... yeah",,https://i.redd.it/vwzhbm10uvd31.png
Animemes,https://old.reddit.com/r/Animemes/comments/fzxrmj/the_best_artists_imo/,38919,402,The best artists IMO,,https://i.redd.it/w9qm6c6nees41.jpg
Animemes,https://old.reddit.com/r/Animemes/comments/h8v5l1/nice_church_design/,38635,168,Nice church design,,https://i.redd.it/7so9128m2w451.jpg
Animemes,https://old.reddit.com/r/Animemes/comments/i16v1n/sachi_achieved_comedy/,38443,121,Sachi achieved comedy,,https://i.redd.it/g0rf8f2ut6e51.png
Animemes,https://old.reddit.com/r/Animemes/comments/e1xo6b/acing_a_test_with_style/,38296,337,"acing a test, with style",,https://i.redd.it/xjo62fja41141.png
Animemes,https://old.reddit.com/r/Animemes/comments/hptuyc/cybertron_shall_remain_as_you_leave_it/,38281,282,Cybertron shall remain as you leave it,,https://i.redd.it/jq8ekpp5afa51.png
Animemes,https://old.reddit.com/r/Animemes/comments/ho2ql9/ive_chosen_my_denomination/,38213,453,I've chosen my denomination,,https://i.redd.it/2f0ooe0pyt951.png
Animemes,https://old.reddit.com/r/Animemes/comments/hjtpc8/lies/,38187,374,lies,,
Animemes,https://old.reddit.com/r/Animemes/comments/fdgmwe/yes_i_would/,38072,168,Yes i would.,,https://i.redd.it/tihk9oei0pk41.jpg
Animemes,https://old.reddit.com/r/Animemes/comments/ed8k5h/this_sub_recently/,37993,196,this sub recently,,https://i.redd.it/lj8bm7dcmr541.png
Animemes,https://old.reddit.com/r/Animemes/comments/hvv3yl/surely_it_is/,37962,286,surely it is,,https://i.imgur.com/xYXSQ7b.jpg
Animemes,https://old.reddit.com/r/Animemes/comments/1i9h56q/can_somebody_tell_him_to_talk_to_me_pls/,37913,1030,Can somebody tell him to talk to me pls?,,https://i.redd.it/lfkqfrbr53fe1.jpeg
Animemes,https://old.reddit.com/r/Animemes/comments/hdcdc7/sauce_acquired/,37615,244,Sauce Acquired!,,https://i.redd.it/8xk0ugc89b651.gif
Animemes,https://old.reddit.com/r/Animemes/comments/1ncjuw2/rip_haru_urara/,37417,331,RIP Haru Urara,,https://i.redd.it/9g0dl0mzb5of1.jpeg
Animemes,https://old.reddit.com/r/Animemes/comments/hqj5xc/or_he_can_be_your_girl_its_your_choice/,37384,282,Or he can be your girl. It's your choice.,,https://i.redd.it/mtem4cbaona51.png
Animemes,https://old.reddit.com/r/Animemes/comments/i2ianm/darkness_meets_pikachu_by_acefish/,37325,280,Darkness Meets Pikachu by Acefish,,https://i.redd.it/aiv02hif7ne51.png
Animemes,https://old.reddit.com/r/Animemes/comments/hsw0h5/what_is_this_magic/,37320,176,What is this magic?,,https://i.imgur.com/ShM6SmJ.gifv
Animemes,https://old.reddit.com/r/Animemes/comments/i0t9as/works_like_80_of_the_time/,37303,450,Works like 80% of the time,,https://i.redd.it/9yrtyw27y1e51.png
Animemes,https://old.reddit.com/r/Animemes/comments/eai0jy/big_intimidate/,37199,222,Big intimidate,,https://i.redd.it/1xw4oxglok441.jpg
Animemes,https://old.reddit.com/r/Animemes/comments/gev4yu/sorry_dubbies/,37177,961,Sorry dubbies,,https://i.redd.it/3fpzsb76b8x41.jpg
Animemes,https://old.reddit.com/r/Animemes/comments/glekkg/hmmguess_i_gotta_read_the_manga/,37124,356,hmm...guess I gotta read the manga :/,,https://i.redd.it/rxx73bkhjbz41.jpg
Animemes,https://old.reddit.com/r/Animemes/comments/hkgwno/she_sure_doesnt_get_it/,37000,357,She sure doesn't get it,,https://i.redd.it/2v8azsd2gm851.png
Animemes,https://old.reddit.com/r/Animemes/comments/hl3u6t/ah_yes_flame_stando_powa/,37003,283,Ah yes flame stando powa,,
Animemes,https://old.reddit.com/r/Animemes/comments/g1fp0o/theres_always_a_bigger_fish/,36994,172,There's always a bigger fish,,https://i.redd.it/z16ixj5u3vs41.jpg
Animemes,https://old.reddit.com/r/Animemes/comments/eu6nrf/know_the_difference/,36928,332,Know the difference,,https://i.redd.it/m3kn0tevj4d41.jpg
Animemes,https://old.reddit.com/r/Animemes/comments/cm8l76/muda_isekai/,36891,329,Muda Isekai,,
Animemes,https://old.reddit.com/r/Animemes/comments/1nfa656/thorn_princess_silksong/,36840,338,Thorn Princess: Silksong,,
Animemes,https://old.reddit.com/r/Animemes/comments/f88dxv/professional_weebs_have_standards/,36603,511,Professional weebs have standards,,https://i.redd.it/9nymiqqetni41.gif
Animemes,https://old.reddit.com/r/Animemes/comments/gwipfm/oc_ive_outdrawn_your_outdrawing/,36532,170,[OC] I've outdrawn your outdrawing,,https://i.redd.it/irm9alhonw251.jpg
Animemes,https://old.reddit.com/r/Animemes/comments/114gg56/ingrish/,36398,278,Ingrish,,https://i.imgur.com/TZrFMuW.jpg
Animemes,https://old.reddit.com/r/Animemes/comments/hbdi5q/ah_yes_me_my_google_chrome_and_her_8gb_of_ram/,36314,246,"Ah yes. Me, my Google Chrome, and her 8GB of RAM",,https://i.redd.it/t4y6qz2yun551.png
Animemes,https://old.reddit.com/r/Animemes/comments/ha6cga/rascal_does_not_dream_of_minecraft_oc/,36281,327,Rascal Does Not Dream of Minecraft [OC],,
Animemes,https://old.reddit.com/r/Animemes/comments/ah9ar6/make_it_happen_boys/,36160,373,Make it happen boys,,https://i.redd.it/15stjm9hw5b21.jpg
Animemes,https://old.reddit.com/r/Animemes/comments/1p9ilvq/definitely_a_reaction/,36130,964,Definitely a reaction,,https://i.redd.it/eyt3phiec54g1.jpeg
Animemes,https://old.reddit.com/r/Animemes/comments/1i11r2c/thanks_toyota/,36015,63,"Thanks, Toyota",,https://i.redd.it/pw6rc43a9xce1.jpeg
Animemes,https://old.reddit.com/r/Animemes/comments/i0j47i/the_chosen_one/,35968,298,The Chosen One,,https://i.redd.it/d9iyinj6syd51.png
Animemes,https://old.reddit.com/r/Animemes/comments/brnv6n/i_made_an_animeme_generator_framebyframe/,35812,385,I made an Animeme generator frame-by-frame,,https://i.redd.it/yybgwhry4rz21.gif
Animemes,https://old.reddit.com/r/Animemes/comments/1mt0o2d/the_one_true_answer/,35808,202,The one true answer,,https://i.redd.it/0yb9z639wmjf1.jpeg
Animemes,https://old.reddit.com/r/Animemes/comments/bw98j9/reality/,35639,158,Reality,,https://i.redd.it/msqah4f4f4231.jpg
Animemes,https://old.reddit.com/r/Animemes/comments/gvxgwq/limited_budget_works/,35479,260,Limited Budget Works,,https://i.redd.it/29xrjq9pwp251.png
Animemes,https://old.reddit.com/r/Animemes/comments/fdc1og/same_cuteness/,35450,213,Same cuteness,,https://i.redd.it/o91hf3jgcnk41.jpg
Animemes,https://old.reddit.com/r/Animemes/comments/b0yv6s/you_may_not_rest_now_there_are_monsters_nearby/,35378,297,"You may not rest now, there are monsters nearby",,
Animemes,https://old.reddit.com/r/Animemes/comments/1mjwvta/time_has_truly_changes/,35345,383,Time has truly changes,,https://i.redd.it/vecyqgjnvkhf1.png
Animemes,https://old.reddit.com/r/Animemes/comments/fz7sub/it_works_every_time_trust_me/,35295,540,It works every time trust me,,https://i.redd.it/jrlvtfqdl7s41.jpg
