subreddit,permalink,score,num_comments,title,body_text,image_url
futurology,https://old.reddit.com/r/Futurology/comments/a9rjmr/elon_musk_we_know_well_run_out_of_dead_dinosaurs/,149355,4937,"Elon Musk: We know we'll run out of dead dinosaurs to mine for fuel & have to use sustainable energy eventually, so why not go renewable now & avoid increasing risk of climate catastrophe? Betting that science is wrong & oil companies are right is the dumbest experiment in history by far.",,
futurology,https://old.reddit.com/r/Futurology/comments/7ejbyf/fcc_announces_plan_to_repeal_net_neutrality/,146999,2955,F.C.C. Announces Plan to Repeal Net Neutrality,,
futurology,https://old.reddit.com/r/Futurology/comments/118tl24/bernie_sanders_says_its_time_for_a_fourday_work/,130050,5493,"Bernie Sanders says it's time for a four-day work week: ""With exploding technology and increased worker productivity, it's time to move toward a four-day work week with no loss of pay. Workers must benefit from technology, not just corporate CEOs.""",,
futurology,https://old.reddit.com/r/Futurology/comments/fdyn58/andrew_yang_launches_nonprofit_called_humanity/,104838,4544,"Andrew Yang launches nonprofit, called Humanity Forward, aimed at promoting Universal Basic Income",,
futurology,https://old.reddit.com/r/Futurology/comments/i7usdh/its_time_to_implement_a_4day_workweek_andrew_yang/,103274,4764,"It's time to implement a 4-day workweek, Andrew Yang says. The pandemic has made it important now more than ever.",,
futurology,https://old.reddit.com/r/Futurology/comments/1h8h483/murdered_insurance_ceo_had_deployed_an_ai_to/,99544,3515,Murdered Insurance CEO Had Deployed an AI to Automatically Deny Benefits for Sick People,,
futurology,https://old.reddit.com/r/Futurology/comments/hr4utb/biden_will_announce_on_tuesday_a_new_plan_to/,92171,5673,"Biden will announce on Tuesday a new plan to spend $2 trillion over four years to significantly escalate the use of clean energy in the transportation, electricity and building sectors, part of a suite of sweeping proposals designed to create economic opportunities",,
futurology,https://old.reddit.com/r/Futurology/comments/l52qth/president_biden_will_make_entire_645k_federal/,89952,4876,President Biden will make entire 645k federal vehicle fleet US-made electric,,
futurology,https://old.reddit.com/r/Futurology/comments/drfma7/the_ethics_of_the_4_day_work_week_its_not_just/,88773,4457,"The ethics of the 4 day work week. It’s not just about the hours - “We should work to live, not live to work,” declared Britain’s shadow chancellor, who would reduce the standard working week to 32 hours, without loss of pay, within 10 years of winning office.",,
futurology,https://old.reddit.com/r/Futurology/comments/gh5h43/bill_gates_thinks_that_the_1_should_foot_the_bill/,86700,3446,Bill Gates Thinks That The 1% Should Foot The Bill To Combat Climate Change,,
futurology,https://old.reddit.com/r/Futurology/comments/t3d8jp/germany_will_accelerate_its_switch_to_100/,86098,2218,Germany will accelerate its switch to 100% renewable energy in response to Russian crisis - the new date to be 100% renewable is 2035.,,
futurology,https://old.reddit.com/r/Futurology/comments/7ksgll/a_hawaiian_politician_is_introducing_a_bill_that/,85633,2599,"A Hawaiian Politician Is Introducing a Bill That Would Encourage Creation of Locally Owned Broadband Networks: ""One option is to reject corporate internet service providers altogether, and control the internet ourselves.""",,
futurology,https://old.reddit.com/r/Futurology/comments/o3fmv7/kill_the_5day_workweek_reducing_hours_without/,84377,4217,Kill the 5-Day Workweek - Reducing hours without reducing pay would reignite an essential but long-forgotten moral project: making American life less about work.,,
futurology,https://old.reddit.com/r/Futurology/comments/e9m7wv/australian_school_runs_out_of_water_as_commercial/,82632,2816,"Australian school runs out of water as commercial trucks take local water to bottling plants for companies including Coca-Cola. “Now the government is buying water back from Coca-Cola to bring here, which is where it came from in the first place.” The future of privatized water is happening today.",,
futurology,https://old.reddit.com/r/Futurology/comments/e0nbqo/sacha_baron_cohen_just_called_out_the_silicon_six/,81606,4392,"Sacha Baron Cohen just called out the 'Silicon Six,' a group of American billionaires that he says 'care more about boosting their share price than protecting democracy' - our future may rests in the power of just a few who are rich",,
futurology,https://old.reddit.com/r/Futurology/comments/de5oxc/in_south_korea_the_solar_panels_in_the_middle_of/,81314,1930,"In South Korea, the solar panels in the middle of the highway has bicycle path passes beneath. --- Cyclists are protected from the sun, they are isolated from traffic and the country can produce clean energy.",,
futurology,https://old.reddit.com/r/Futurology/comments/xf7eyc/christianity_in_the_us_is_quickly_shrinking_and/,79961,9840,"Christianity in the U.S. is quickly shrinking and may no longer be the majority religion within just a few decades, research finds",,
futurology,https://old.reddit.com/r/Futurology/comments/7h8z9v/this_scientist_wants_to_bring_star_trek_values_to/,79940,2828,"This Scientist Wants to Bring Star Trek Values to Congress - “one of a growing number of scientists who are running for public office... too many elected officials are ignorant of basic science, and that the only solution is for scientists to get in there and do a better job.”",,
futurology,https://old.reddit.com/r/Futurology/comments/zkw4nh/new_zealand_passes_legislation_banning_cigarettes/,79608,7287,New Zealand passes legislation banning cigarettes for future generations,,
futurology,https://old.reddit.com/r/Futurology/comments/d5gl19/bernie_sanders_became_the_first_presidential/,78612,3550,"Bernie Sanders became the first presidential candidate to call for a total ban on the use of facial recognition software for policing, and a moratorium on the use of algorithmic risk assessment tools that aim to predict which criminals will reoffend.",,
futurology,https://old.reddit.com/r/Futurology/comments/kjfpef/86_of_people_globally_say_i_want_the_world_to/,78011,2755,"86% of people globally say “I want the world to change significantly, and become more sustainable and equitable, rather than returning to how it was before the Covid-19” according to Ipsos research",,
futurology,https://old.reddit.com/r/Futurology/comments/85dm73/stephen_hawking_leaves_behind_breathtaking_final/,77593,3168,"Stephen Hawking leaves behind 'breathtaking' final multiverse theory - A final theory explaining how mankind might detect parallel universes was completed by Stephen Hawking shortly before he died, it has emerged.",,
futurology,https://old.reddit.com/r/Futurology/comments/eaxy2p/70_of_americans_would_support_a_nationwide/,77378,3706,70% of Americans would support a nationwide mandate requiring that solar panels be installed on all newly built homes. The survey showed that the support for this measure is highest among younger adults.,,
futurology,https://old.reddit.com/r/Futurology/comments/fgwlwx/andrew_yang_says_the_coronavirus_outbreak_shows/,77314,5191,"Andrew Yang says the coronavirus outbreak shows why we need basic income. ""Too many people are heading to work sick because they can't afford to miss a paycheck.""",,
futurology,https://old.reddit.com/r/Futurology/comments/dqyimj/microsoft_japans_experiment_with_3day_weekend/,76131,1933,"Microsoft Japan’s experiment with 3-day weekend boosts worker productivity by 40 percent - As it turns out, not squeezing employees dry like a sponge is maybe a good thing.",,
futurology,https://old.reddit.com/r/Futurology/comments/idv65j/google_has_a_plan_to_disrupt_the_college_degree/,75690,4139,"Google Has a Plan to Disrupt the College Degree Its new certificate program for in-demand jobs takes only six months to complete and will be a fraction of the cost of college, Google will treat it as equivalent to a four-year degree",,
futurology,https://old.reddit.com/r/Futurology/comments/ew5g11/bernie_sanders_promises_to_ban_government_use_of/,74896,3142,"Bernie Sanders promises to ban government use of facial recognition, raising important discussion about the future use of facial recognition as part of law enforcement",,
futurology,https://old.reddit.com/r/Futurology/comments/5davvg/snowden_we_are_becoming_too_dependent_on_facebook/,74406,4727,"Snowden: We are becoming too dependent on Facebook as a news source; ""To have one company that has enough power to reshape the way we think, I don’t think I need to describe how dangerous that is""",,
futurology,https://old.reddit.com/r/Futurology/comments/dtr0wp/bernie_sanders_vows_to_follow_in_new_zealands/,73824,5325,Bernie Sanders vows to follow in New Zealand's footsteps if elected president: “We will pass a Green New Deal that gets us to 100% renewable energy by no later than 2030 and complete decarbonization of the economy by 2050.”,,
futurology,https://old.reddit.com/r/Futurology/comments/f6s6xn/washington_state_takes_bold_step_to_restrict/,73336,1841,"Washington state takes bold step to restrict companies from bottling local water. “Any use of water for the commercial production of bottled water is deemed to be detrimental to the public welfare and the public interest.” The move was hailed by water campaigners, who declared it a breakthrough.",,
futurology,https://old.reddit.com/r/Futurology/comments/dy257z/elon_musk_congratulated_ford_on_its_allelectric/,73316,3438,"Elon Musk congratulated Ford on its all-electric Mustang Mach-E SUV, a threat to Tesla, saying the move would “encourage other carmakers to go electric too.”",,
futurology,https://old.reddit.com/r/Futurology/comments/f8d1mp/70_of_americans_would_support_a_nationwide/,72258,3271,70% of Americans would support a nationwide mandate requiring that solar panels be installed on all newly built homes. The survey showed that the support for this measure is highest among younger adults.,,
futurology,https://old.reddit.com/r/Futurology/comments/7jmv76/elon_musk_says_humans_should_already_have_a_moon/,71816,5168,"Elon Musk Says Humans Should Already Have A Moon Base: “It’s 2017,” Musk said. “We should have a lunar base by now. What the hell’s going on?”",,
futurology,https://old.reddit.com/r/Futurology/comments/bs1ts4/samsung_ai_lab_develops_tech_that_can_animate/,71288,2747,Samsung AI lab develops tech that can animate highly realistic heads using only a few -or in some cases - only one starter image.,,
futurology,https://old.reddit.com/r/Futurology/comments/l16p49/calling_for_an_8hour_5day_working_week_was_once/,71217,2458,"Calling for an 8-hour, 5-day working week was once considered a dangerous fantasy, but in reality everyone benefited from it. Now evidence shows that a range of long term social, economic and environmental benefits can accrue from a 4-day working week - it's time to implement it",,
futurology,https://old.reddit.com/r/Futurology/comments/8dha8k/the_uk_just_went_55_hours_without_using_coal_for/,71115,1797,The U.K. Just Went 55 Hours Without Using Coal for the First Time in History,,
futurology,https://old.reddit.com/r/Futurology/comments/sbuwd0/jon_stewart_once_told_jeff_bezos_at_a_private/,70953,3356,Jon Stewart once told Jeff Bezos at a private dinner with the Obamas that workers want more fulfillment than running errands for rich people: 'It's a recipe for revolution',,
futurology,https://old.reddit.com/r/Futurology/comments/7nxpea/after_beating_cable_lobby_colorado_city_moves/,70828,2940,"After beating cable lobby, Colorado city moves ahead with muni broadband - Fort Collins plans universal broadband, net neutrality, and gigabit speeds.",,
futurology,https://old.reddit.com/r/Futurology/comments/zpr8wr/nearly_half_of_americans_age_18_to_29_are_living/,70512,7804,Nearly half of Americans age 18 to 29 are living with their parents,,
futurology,https://old.reddit.com/r/Futurology/comments/dp1r0l/elon_musk_has_donated_1_million_worth_of_trees_1/,70002,2444,"Elon Musk has donated $1 million worth of trees ($1 per tree) to YouTuber Jimmy “MrBeast” Donaldson, who’s currently campaigning to raise $20 million from fellow YouTube celebrities for a climate change fundraising effort.",,
futurology,https://old.reddit.com/r/Futurology/comments/fwupgk/twittersquare_ceo_jack_dorsey_is_donating_1/,69549,2503,"Twitter/Square CEO Jack Dorsey is donating $1 billion to COVID-19 relief and other charities. The amount represents 28% of his net worth. If money remains after Covid is disarmed the remainder will go towards health, education and UBI",,
futurology,https://old.reddit.com/r/Futurology/comments/mft9oe/us_church_membership_falls_below_majority_for/,68919,5714,"U.S. Church Membership Falls Below Majority for First Time - A significant social tectonic change as more Americans than ever define themselves as ""non-affiliated""",,
futurology,https://old.reddit.com/r/Futurology/comments/ceschm/elon_musk_says_we_can_land_on_the_moon_in_less/,68892,5221,"Elon Musk Says We Can Land on the Moon in Less Than 2 Years - “If it were to take longer to convince NASA and the authorities that we can do it versus just doing it, then we might just do it. It may literally be easier to just land Starship on the moon than try to convince NASA that we can.”",,
futurology,https://old.reddit.com/r/Futurology/comments/915z32/librarians_are_in_uproar_after_an_article_in/,67660,5144,"Librarians are in uproar after an article in Forbes magazine proposed replacing all public libraries in the US with Amazon bookstores, which said libraries ‘don’t have the same value they used to’ and cost taxpayers too much",,
futurology,https://old.reddit.com/r/Futurology/comments/7mhuuf/in_wake_of_net_neutrality_decision_should_cities/,67586,3128,"In wake of net neutrality decision, should cities build internet networks? Many cities seeking to offer cheap service to the community, despite telecom industry pushback",,
futurology,https://old.reddit.com/r/Futurology/comments/eteahl/mathematicians_have_solved_traffic_jams_and/,67289,4019,"Mathematicians have solved traffic jams, and they’re begging cities to listen. Most traffic jams are unnecessary, and this deeply irks mathematicians who specialize in traffic flow.",,
futurology,https://old.reddit.com/r/Futurology/comments/t6g4ae/a_uk_based_company_is_producing_molecularly/,67270,2832,"A UK based company is producing ""molecularly identical"" cows milk without the cow by using modified yeast. The technology could hugely reduce the environmental impact of dairy.",,
futurology,https://old.reddit.com/r/Futurology/comments/oygut0/bottled_water_is_3500_times_worse_for_the/,67031,3199,"Bottled water is 3,500 times worse for the environment than tap water: it takes three times as much water to produce a plastic bottle as it can hold.",,
futurology,https://old.reddit.com/r/Futurology/comments/1it5h9d/potus_just_seized_absolute_executive_power_a_very/,66697,4825,POTUS just seized absolute Executive Power. A very dark future for democracy in America.,"The President just signed the following Executive Order:
https://www.whitehouse.gov/presidential-actions/2025/02/ensuring-accountability-for-all-agencies/
""Therefore, in order to improve the administration of the executive branch and to increase regulatory officials’ accountability to the American people, it shall be the policy of the executive branch to ensure Presidential supervision and control of the entire executive branch. Moreover, all executive departments and agencies, including so-called independent agencies, shall submit for review all proposed and final significant regulatory actions to the Office of Information and Regulatory Affairs (OIRA) within the Executive Office of the President before publication in the Federal Register.""
This is a power grab unlike any other:
""For the Federal Government to be truly accountable to the American people, officials who wield vast executive power must be supervised and controlled by the people’s elected President.""
This is no doubt the collapse of the US democracy in real time. Everyone in America has 
got front-row tickets to the end of the Empire.
What does the future hold for the US democracy and the American people.
The founding fathers are rolling over in their graves. One by one the institutions in America will wither and fade away. In its place will be the remains of a once great power and a people who will look back and wonder ""what happened""",
futurology,https://old.reddit.com/r/Futurology/comments/fpwqxy/the_plan_to_turn_half_the_world_into_a_reserve/,66233,1703,The plan to turn half the world into a reserve for nature. Scientists and conservationists are proposing that up to half of Earth’s land and oceans be protected for nature.,,
futurology,https://old.reddit.com/r/Futurology/comments/6dap6v/a_chinese_company_is_offering_free_training_for/,66021,2704,A Chinese company is offering free training for US coal miners to become wind farmers,,
futurology,https://old.reddit.com/r/Futurology/comments/7gty7n/google_is_officially_100_sun_and_wind_powered_30/,65665,1618,Google is officially 100% sun and wind powered – 3.0 gigawatts worth,,
futurology,https://old.reddit.com/r/Futurology/comments/tksxt4/a_99_effective_birth_control_pill_for_men_could/,64919,3892,A 99% effective Birth Control Pill for Men Could Start Human Trials This Year,,
futurology,https://old.reddit.com/r/Futurology/comments/dg1nd8/us_mayors_seek_to_bypass_president_with_direct/,64770,2293,"US mayors seek to bypass President with direct role at UN climate talks. A full 435 US mayors representing 71 million Americans have now signed up to Garcetti’s Climate Mayors organisation, committing them to adopt and uphold the Paris agreement.",,
futurology,https://old.reddit.com/r/Futurology/comments/g3kdir/andrew_yang_proposes_2000_monthly_stimulus_warns/,64592,6109,"Andrew Yang Proposes $2,000 Monthly Stimulus, Warns Many Jobs Are ‘Gone for Good’",,
futurology,https://old.reddit.com/r/Futurology/comments/nvzfdq/all_cars_should_have_been_hybrids_by_now_with/,63826,4723,"All Cars Should Have Been Hybrids By Now: With Ford's announcement of a $20,000 hybrid pick-up truck that may get up to 40 miles per gallon, it is obvious automakers could have done a lot more to reduce emissions.",,
futurology,https://old.reddit.com/r/Futurology/comments/cucspf/about_onefifth_of_the_amazon_has_been_cut_and/,63800,3944,"About one-fifth of the Amazon has been cut and burned in Brazil. Scientists warn that losing another fifth will trigger the feedback loop known as dieback, in which the forest begins to dry out and burn in a cascading system collapse, beyond the reach of any subsequent human intervention or regret.",,
futurology,https://old.reddit.com/r/Futurology/comments/azt8iw/want_to_stop_climate_change_then_its_time_to_fall/,63470,6253,"Want to Stop Climate Change? Then It's Time to Fall Back in Love With Nuclear Energy - “Nuclear power is virtually free of emissions. We need to be rational and practical and make full use of nuclear power, before the world becomes uninhabitable for our children.”",,
futurology,https://old.reddit.com/r/Futurology/comments/bv72gv/the_decline_of_trust_in_science_terrifies_former/,63013,4697,"The decline of trust in science “terrifies” former MIT president Susan Hockfield: If we don’t trust scientists to be experts in their fields, “we have no way of making it into the future.”",,
futurology,https://old.reddit.com/r/Futurology/comments/gzfbho/ibm_will_no_longer_offer_develop_or_research/,61958,1306,"IBM will no longer offer, develop, or research facial recognition technology",,
futurology,https://old.reddit.com/r/Futurology/comments/848stv/elon_musk_explains_why_he_launched_a_car_toward/,61663,2552,"Elon Musk explains why he launched a car toward Mars — and the reasons are much bigger than his ego: “The goal of this was to inspire you, and make you believe again, just as people believed in the Apollo era, that anything is possible.”",,
futurology,https://old.reddit.com/r/Futurology/comments/9kgcjd/3day_weekends_would_make_people_happier_and_more/,61057,3207,"3-day weekends would make people happier and more productive, according to a new Oxford University study",,
futurology,https://old.reddit.com/r/Futurology/comments/jorozd/psilocybin_therapy_4_times_more_effective_than/,60848,2133,"Psilocybin therapy 4 times more effective than antidepressants, study finds",,
futurology,https://old.reddit.com/r/Futurology/comments/g2e01a/south_korea_to_implement_green_new_deal_after/,60783,2271,"South Korea to implement Green New Deal after ruling party election win. Seoul is to set a 2050 net zero emissions goal and end coal financing, after the Democratic Party’s landslide victory in one of the world’s first Covid-19 elections",,
futurology,https://old.reddit.com/r/Futurology/comments/fho2zp/coronavirus_forces_worlds_largest_workfromhome/,60639,2389,Coronavirus Forces World’s Largest Work-From-Home Experiment,,
futurology,https://old.reddit.com/r/Futurology/comments/mzw7io/beyond_meat_just_unveiled_the_third_iteration_of/,60551,4350,"Beyond Meat just unveiled the third iteration of their plant-based Meat product and its reported to be cheaper for consumers, have better nutritional profile and be meatier than ever.",,
futurology,https://old.reddit.com/r/Futurology/comments/9by19f/gen_z_teenagers_have_begun_quitting_social_media/,60464,4125,"Gen Z teenagers have begun quitting social media in droves refusing to be programmed by it, playing the game of ""who can appear the happiest""",,
futurology,https://old.reddit.com/r/Futurology/comments/bek7ab/a_wave_of_satellites_set_to_orbit_the_earth_will/,60457,1675,"A wave of satellites set to orbit the Earth will be able to pinpoint producers of greenhouse gases, right down to an individual leak at an oil rig. They are looking to track nations, industries, companies and even individual facilities",,
futurology,https://old.reddit.com/r/Futurology/comments/74fd10/googles_new_earbuds_can_translate_40_languages/,60081,3324,Google’s New Earbuds Can Translate 40 Languages Instantly in Your Ear,,
futurology,https://old.reddit.com/r/Futurology/comments/epj53x/european_union_wants_all_smartphones_to_have_the/,59957,3093,"European Union Wants All Smartphones to Have the Same Charging Port. It would reduce electronic waste and improve the consumer experience, says the E.U.",,
futurology,https://old.reddit.com/r/Futurology/comments/vxd56b/us_energy_secretary_says_switch_to_wind_and_solar/,59540,2767,"US energy secretary says switch to wind and solar ""could be greatest peace plan of all"". “No country has ever been held hostage to access to the sun. No country has ever been held hostage to access to the wind. We’ve seen what happens when we rely too much on one entity for a source of fuel.",,
futurology,https://old.reddit.com/r/Futurology/comments/6evreu/the_european_union_has_rejected_donald_trumps/,59493,5187,The European Union has rejected Donald Trump’s offer to renegotiate the Paris climate agreement and pledged instead to bypass Washington to work with US business leaders and state governors to implement the historic accord’s commitments.,,
futurology,https://old.reddit.com/r/Futurology/comments/bb6phy/waves_of_garbage_crash_off_of_the_coast_of_the/,59448,4253,Waves of garbage crash off of the coast of the Dominican Republic. This is a moral crisis: we need an eco-revolution.,,
futurology,https://old.reddit.com/r/Futurology/comments/cozvp2/scientists_successfully_turn_breast_cancer_cells/,59207,1098,Scientists Successfully Turn Breast Cancer Cells Into Fat to Stop Them From Spreading,,
futurology,https://old.reddit.com/r/Futurology/comments/ak5rtw/report_bill_gates_promises_to_add_his_own/,59031,4155,Report: Bill Gates promises to add his own billions if Congress helps with his nuclear power push,,
futurology,https://old.reddit.com/r/Futurology/comments/aim2s0/david_attenborough_the_holocene_has_ended_the/,58989,2142,"David Attenborough: “The Holocene has ended. The Garden of Eden is no more. We have changed the world so much that scientists say we are in a new geological age: the Anthropocene, the age of humans... What we do now, and in the next few years, will profoundly affect the next few thousand years”",,
futurology,https://old.reddit.com/r/Futurology/comments/e89m63/three_months_after_his_bone_marrow_transplant_a/,58771,1859,"Three months after his bone marrow transplant, a man learned that the DNA in his blood had all been replaced by the DNA of his donor. Four years after his lifesaving procedure, all of the DNA in his semen belonged to his donor. The case implications for future transplants and forensic science.",,
futurology,https://old.reddit.com/r/Futurology/comments/ca6kyu/plantbased_meat_is_about_to_get_cheaper_than/,58437,5298,"Plant-Based Meat Is About to Get Cheaper Than Animal Flesh, Report Says",,
futurology,https://old.reddit.com/r/Futurology/comments/6emap3/facebook_and_apple_urge_donald_trump_not_to_pull/,58379,6694,"Facebook and Apple urge Donald Trump not to pull out of Paris Agreement: Twenty-five US companies including Apple, Facebook and Google have signed a letter imploring Mr Trump not to exit the 2015 Paris climate accord",,
futurology,https://old.reddit.com/r/Futurology/comments/5hujzn/bill_gates_jeff_bezos_jack_ma_and_other_investors/,57889,3234,"Bill Gates, Jeff Bezos, Jack Ma, and other investors worth $170 billion are launching a clean-energy fund to fight climate change",,
futurology,https://old.reddit.com/r/Futurology/comments/csgc01/group_of_top_ceos_says_maximizing_shareholder/,57867,3765,Group of top CEOs says maximizing shareholder profits no longer can be the primary goal of corporations,,
futurology,https://old.reddit.com/r/Futurology/comments/bf9kde/gravity_industries_440000_jet_suit/,57380,2176,"Gravity Industries' $440,000 jet suit.",,
futurology,https://old.reddit.com/r/Futurology/comments/aieyoe/how_beyond_meat_became_a_550_million_brand/,57044,4254,"How Beyond Meat became a $550 million brand, winning over meat-eaters with a vegan burger that ‘bleeds’ - Producing Beyond Burgers uses 99 percent less water, 93 percent less land, creates 90 percent fewer greenhouse gas emissions and requires 46 percent less energy than producing beef burgers",,
futurology,https://old.reddit.com/r/Futurology/comments/fk4r9t/what_if_andrew_yang_was_right_mitt_romney_has/,56950,3366,What If Andrew Yang Was Right? Mitt Romney has joined the chorus of voices calling for all Americans to receive free money directly from the government.,,
futurology,https://old.reddit.com/r/Futurology/comments/vrakbx/bill_nye_says_the_main_thing_you_can_do_about/,56598,1919,Bill Nye says the main thing you can do about climate change isn't recycling—it's voting,,
futurology,https://old.reddit.com/r/Futurology/comments/5nbfid/donald_trump_urged_to_ditch_his_climate_change/,56589,5274,"Donald Trump urged to ditch his climate change denial by 630 major firms who warn it 'puts American prosperity at risk' - ""We want the US economy to be energy efficient and powered by low-carbon energy""",,
futurology,https://old.reddit.com/r/Futurology/comments/bwn52t/you_cant_save_the_climate_by_going_vegan/,56552,3708,"You can't save the climate by going vegan. Corporate polluters must be held accountable. Many individual actions to slow climate change are worth taking. But they distract from the systemic changes that are needed to avert this crisis, in order to save our future.",,
futurology,https://old.reddit.com/r/Futurology/comments/da6axc/fourday_work_week_is_a_necessary_part_of_human/,56521,2945,"Four-day work week is a necessary part of human progress – It would represent a radical break with the dominant work culture that exists in our contemporary capitalist society. ""We should work to live, not live to work.""",,
futurology,https://old.reddit.com/r/Futurology/comments/94ipo7/us_administration_lifts_ban_on_pesticides_linked/,55937,3081,US administration lifts ban on pesticides linked to declining bee numbers - Environmentalists say lifting the restriction poses a grave threat to pollinating insects,,
futurology,https://old.reddit.com/r/Futurology/comments/adqk3p/bill_gates_warns_that_nobody_is_paying_attention/,55675,3783,"Bill Gates warns that nobody is paying attention to gene editing, a new technology that could make inequality even worse: ""the most important public debate we haven't been having widely enough.""",,
futurology,https://old.reddit.com/r/Futurology/comments/g9k8am/germany_and_britain_said_yesterday_that_efforts/,55491,2257,"Germany and Britain said yesterday that efforts to revive the global economy in the wake of the coronavirus pandemic must ensure a ‘green recovery’ that helps the world tackle climate change. “Unlike in the fight against the coronavirus, we already know the vaccines for the climate crisis,”",,
futurology,https://old.reddit.com/r/Futurology/comments/nv41sw/why_labgrown_meat_is_emerging_as_the_most/,55161,5593,Why Lab-Grown Meat Is Emerging As The Most Impactful Step To Reverse Climate Change,,
futurology,https://old.reddit.com/r/Futurology/comments/euo4gh/the_worlds_most_profitable_hedge_fund_is_now_a/,55091,1208,"The world’s most profitable hedge fund is now a climate radical. With $30 billion in assets, its money manager pushes portfolio companies to dramatically reduce greenhouse gas emissions and disclose their carbon footprint. If they don’t, he says he’ll oust their boards or dump their shares.",,
futurology,https://old.reddit.com/r/Futurology/comments/pkc0ax/no_point_in_anything_else_gen_z_members_flock_to/,54930,3212,‘No point in anything else’: Gen Z members flock to climate careers. Colleges offer support as young people aim to devote their lives to battling the crisis.,,
futurology,https://old.reddit.com/r/Futurology/comments/yc9jnl/plastic_recycling_a_failed_concept_study_says/,54671,3312,"Plastic recycling a ""failed concept,"" study says, with only 5% recycled in U.S. last year as production rises",,
futurology,https://old.reddit.com/r/Futurology/comments/7vv2m7/elon_musk_we_want_a_new_space_race_space_races/,54300,2271,Elon Musk: 'We want a new space race — space races are exciting',,
futurology,https://old.reddit.com/r/Futurology/comments/jtk4z6/onetime_stimulus_checks_arent_good_enough_we_need/,54253,5293,One-Time Stimulus Checks Aren't Good Enough. We Need Universal Basic Income.,,
futurology,https://old.reddit.com/r/Futurology/comments/klved3/us_population_growth_smallest_in_at_least_120/,54189,6281,US population growth smallest in at least 120 years- 16 states saw population decline,,
futurology,https://old.reddit.com/r/Futurology/comments/80v16m/bill_gates_calls_gmos_perfectly_healthy_and/,53839,4742,Bill Gates calls GMOs 'perfectly healthy' — and scientists say he's right. Gates also said he sees the breeding technique as an important tool in the fight to end world hunger and malnutrition.,,
futurology,https://old.reddit.com/r/Futurology/comments/iame7g/us_postal_service_files_patent_for_a/,53840,2964,US Postal Service files patent for a blockchain-based voting system,,
